model_type,features_used,model_params,train_rmse,val_rmse,train_mape (%),val_mape (%)
arima,N/A,,10293.810287879054,13871.60393067704,115.45333030489627,237.78110870883617
sarimax,"['CC_UK_Lag_12_RollingMean3', '#12_Lag_3', '#14_Lag_1', '#12_Lag_1_RollingMean6', '#9_Lag_12', '#1_Lag_1_RollingMean3', 'stock_volume_Lag_12', 'GER Production Index_Lag_12', '#36_Lag_12', '#8_Lag_3', '#16_Lag_1_RollingMean3', 'GER EE Production Index_Lag_12_RollingMean3', '#13_Lag_1']",,13203.682253424016,82956.00528500965,197.78887653455263,639.7743237366678
prophet,N/A,,,14393.704246684081,,221.09640620480957
RandomForestRegressor,"['CC_UK_Lag_12_RollingMean3', '#12_Lag_3', '#14_Lag_1', '#12_Lag_1_RollingMean6', '#9_Lag_12', '#1_Lag_1_RollingMean3', 'stock_volume_Lag_12', 'GER Production Index_Lag_12', '#36_Lag_12', '#8_Lag_3', '#16_Lag_1_RollingMean3', 'GER EE Production Index_Lag_12_RollingMean3', '#13_Lag_1']",{'max_depth': 5},4510.409188810756,15255.924745591785,53.67301984555147,470.6145487769503
RandomForestRegressor,"['CC_UK_Lag_12_RollingMean3', '#12_Lag_3', '#14_Lag_1', '#12_Lag_1_RollingMean6', '#9_Lag_12', '#1_Lag_1_RollingMean3', 'stock_volume_Lag_12', 'GER Production Index_Lag_12', '#36_Lag_12', '#8_Lag_3', '#16_Lag_1_RollingMean3', 'GER EE Production Index_Lag_12_RollingMean3', '#13_Lag_1']","{'n_estimators': 200, 'max_depth': 6}",4235.079492574055,15511.005649074277,51.906161398621734,467.224147242682
XGBRegressor,"['CC_UK_Lag_12_RollingMean3', '#12_Lag_3', '#14_Lag_1', '#12_Lag_1_RollingMean6', '#9_Lag_12', '#1_Lag_1_RollingMean3', 'stock_volume_Lag_12', 'GER Production Index_Lag_12', '#36_Lag_12', '#8_Lag_3', '#16_Lag_1_RollingMean3', 'GER EE Production Index_Lag_12_RollingMean3', '#13_Lag_1']","{'n_estimators': 200, 'max_depth': 6, 'learning_rate': 0.1}",0.26591592172205325,17354.346544886095,0.001289684860239504,477.24595069885254
XGBRegressor,"['CC_UK_Lag_12_RollingMean3', '#12_Lag_3', '#14_Lag_1', '#12_Lag_1_RollingMean6', '#9_Lag_12', '#1_Lag_1_RollingMean3', 'stock_volume_Lag_12', 'GER Production Index_Lag_12', '#36_Lag_12', '#8_Lag_3', '#16_Lag_1_RollingMean3', 'GER EE Production Index_Lag_12_RollingMean3', '#13_Lag_1']","{'n_estimators': 100, 'max_depth': 4, 'min_child_weight': 5, 'gamma': 0.1, 'learning_rate': 0.05}",3096.812716326255,15184.236562962262,28.816741704940796,496.86732292175293
XGBRegressor,"['CC_UK_Lag_12_RollingMean3', '#12_Lag_3', '#14_Lag_1', '#12_Lag_1_RollingMean6', '#9_Lag_12', '#1_Lag_1_RollingMean3', 'stock_volume_Lag_12', 'GER Production Index_Lag_12', '#36_Lag_12', '#8_Lag_3', '#16_Lag_1_RollingMean3', 'GER EE Production Index_Lag_12_RollingMean3', '#13_Lag_1']","{'max_depth': 4, 'min_child_weight': 5, 'gamma': 0.1, 'learning_rate': 0.01}",6621.1711954910215,13670.172493425238,77.72687077522278,372.7391481399536
LGBMRegressor,"['CC_UK_Lag_12_RollingMean3', '#12_Lag_3', '#14_Lag_1', '#12_Lag_1_RollingMean6', '#9_Lag_12', '#1_Lag_1_RollingMean3', 'stock_volume_Lag_12', 'GER Production Index_Lag_12', '#36_Lag_12', '#8_Lag_3', '#16_Lag_1_RollingMean3', 'GER EE Production Index_Lag_12_RollingMean3', '#13_Lag_1']","{'n_estimators': 100, 'learning_rate': 0.05, 'num_leaves': 31, 'max_depth': -1}",9539.692356855043,13758.22666687907,116.1684643260517,246.2273613628021
LGBMRegressor,"['CC_UK_Lag_12_RollingMean3', '#12_Lag_3', '#14_Lag_1', '#12_Lag_1_RollingMean6', '#9_Lag_12', '#1_Lag_1_RollingMean3', 'stock_volume_Lag_12', 'GER Production Index_Lag_12', '#36_Lag_12', '#8_Lag_3', '#16_Lag_1_RollingMean3', 'GER EE Production Index_Lag_12_RollingMean3', '#13_Lag_1']","{'n_estimators': 100, 'learning_rate': 0.05, 'num_leaves': 31, 'max_depth': -1}",9539.692356855043,13758.22666687907,116.1684643260517,246.2273613628021
LGBMRegressor,"['CC_UK_Lag_12_RollingMean3', '#12_Lag_3', '#14_Lag_1', '#12_Lag_1_RollingMean6', '#9_Lag_12', '#1_Lag_1_RollingMean3', 'stock_volume_Lag_12', 'GER Production Index_Lag_12', '#36_Lag_12', '#8_Lag_3', '#16_Lag_1_RollingMean3', 'GER EE Production Index_Lag_12_RollingMean3', '#13_Lag_1']","{'n_estimators': 100, 'learning_rate': 0.05, 'num_leaves': 31, 'max_depth': -1}",9539.692356855043,13758.22666687907,116.1684643260517,246.2273613628021
LGBMRegressor,"['CC_UK_Lag_12_RollingMean3', '#12_Lag_3', '#14_Lag_1', '#12_Lag_1_RollingMean6', '#9_Lag_12', '#1_Lag_1_RollingMean3', 'stock_volume_Lag_12', 'GER Production Index_Lag_12', '#36_Lag_12', '#8_Lag_3', '#16_Lag_1_RollingMean3', 'GER EE Production Index_Lag_12_RollingMean3', '#13_Lag_1']","{'n_estimators': 100, 'learning_rate': 0.05, 'num_leaves': 31, 'max_depth': -1}",9539.692356855043,13758.22666687907,116.1684643260517,246.2273613628021
HistGradientBoostingRegressor,"['CC_UK_Lag_12_RollingMean3', '#12_Lag_3', '#14_Lag_1', '#12_Lag_1_RollingMean6', '#9_Lag_12', '#1_Lag_1_RollingMean3', 'stock_volume_Lag_12', 'GER Production Index_Lag_12', '#36_Lag_12', '#8_Lag_3', '#16_Lag_1_RollingMean3', 'GER EE Production Index_Lag_12_RollingMean3', '#13_Lag_1']",{},9539.692356855043,13758.22667606916,116.16846391474485,246.22736063288744
XGBRegressor,"['CC_UK_Lag_12_RollingMean3', '#12_Lag_3', '#14_Lag_1', '#12_Lag_1_RollingMean6', '#9_Lag_12', '#1_Lag_1_RollingMean3', 'stock_volume_Lag_12', 'GER Production Index_Lag_12', '#36_Lag_12', '#8_Lag_3', '#16_Lag_1_RollingMean3', 'GER EE Production Index_Lag_12_RollingMean3', '#13_Lag_1']",{},0.003279083598181377,17543.34973715111,1.0044865916825074e-05,486.05189323425293
HistGradientBoostingRegressor,"['CC_UK_Lag_12_RollingMean3', '#12_Lag_3', '#14_Lag_1', '#12_Lag_1_RollingMean6', '#9_Lag_12', '#1_Lag_1_RollingMean3', 'stock_volume_Lag_12', 'GER Production Index_Lag_12', '#36_Lag_12', '#8_Lag_3', '#16_Lag_1_RollingMean3', 'GER EE Production Index_Lag_12_RollingMean3', '#13_Lag_1']",{},9539.692356855043,13758.22667606916,116.16846391474485,246.22736063288744
HistGradientBoostingRegressor,"['CC_UK_Lag_12_RollingMean3', '#12_Lag_3', '#14_Lag_1', '#12_Lag_1_RollingMean6', '#9_Lag_12', '#1_Lag_1_RollingMean3', 'stock_volume_Lag_12', 'GER Production Index_Lag_12', '#36_Lag_12', '#8_Lag_3', '#16_Lag_1_RollingMean3', 'GER EE Production Index_Lag_12_RollingMean3', '#13_Lag_1']",{},9539.692356855043,13758.22667606916,116.16846391474485,246.22736063288744
SVR,"['CC_UK_Lag_12_RollingMean3', '#12_Lag_3', '#14_Lag_1', '#12_Lag_1_RollingMean6', '#9_Lag_12', '#1_Lag_1_RollingMean3', 'stock_volume_Lag_12', 'GER Production Index_Lag_12', '#36_Lag_12', '#8_Lag_3', '#16_Lag_1_RollingMean3', 'GER EE Production Index_Lag_12_RollingMean3', '#13_Lag_1']",{},9656.221558040172,14174.787631737445,101.03567997118148,219.99114810319801
RandomForestRegressor,"['CC_UK_Lag_12_RollingMean3', '#12_Lag_3', '#14_Lag_1', '#12_Lag_1_RollingMean6', '#9_Lag_12', '#1_Lag_1_RollingMean3', 'stock_volume_Lag_12', 'GER Production Index_Lag_12', '#36_Lag_12', '#8_Lag_3', '#16_Lag_1_RollingMean3', 'GER EE Production Index_Lag_12_RollingMean3', '#13_Lag_1']",{},4034.5076276642494,15472.908244677777,51.66348446472092,472.72671728347166
sarimax,"['CC_UK_Lag_12_RollingMean3', '#12_Lag_3', '#14_Lag_1', '#12_Lag_1_RollingMean6', '#9_Lag_12', '#1_Lag_1_RollingMean3', 'stock_volume_Lag_12', 'GER Production Index_Lag_12', '#36_Lag_12', '#8_Lag_3', '#16_Lag_1_RollingMean3', 'GER EE Production Index_Lag_12_RollingMean3', '#13_Lag_1']","(3, 1, 1, 12)",14906.058387853029,85176.4637579817,231.45458412754837,1028.6692965596058
sarimax,"['CC_UK_Lag_12_RollingMean3', '#12_Lag_3', '#14_Lag_1', '#12_Lag_1_RollingMean6', '#9_Lag_12', '#1_Lag_1_RollingMean3', 'stock_volume_Lag_12', 'GER Production Index_Lag_12', '#36_Lag_12', '#8_Lag_3', '#16_Lag_1_RollingMean3', 'GER EE Production Index_Lag_12_RollingMean3', '#13_Lag_1']","(1, 0, 1, 12)",9587.005830300752,38326.357524871724,119.7914598980822,1098.086037036557
sarimax,"['CC_UK_Lag_12_RollingMean3', '#12_Lag_3', '#14_Lag_1', '#12_Lag_1_RollingMean6', '#9_Lag_12', '#1_Lag_1_RollingMean3', 'stock_volume_Lag_12', 'GER Production Index_Lag_12', '#36_Lag_12', '#8_Lag_3', '#16_Lag_1_RollingMean3', 'GER EE Production Index_Lag_12_RollingMean3', '#13_Lag_1']","(1, 1, 1, 2)",14345.912434105063,103512.73221319563,170.60558293471115,1480.8611904048855
sarimax,"['CC_UK_Lag_12_RollingMean3', '#12_Lag_3', '#14_Lag_1', '#12_Lag_1_RollingMean6', '#9_Lag_12', '#1_Lag_1_RollingMean3', 'stock_volume_Lag_12', 'GER Production Index_Lag_12', '#36_Lag_12', '#8_Lag_3', '#16_Lag_1_RollingMean3', 'GER EE Production Index_Lag_12_RollingMean3', '#13_Lag_1']","(1, 1, 1, 3)",14526.257539950806,68309.06895441769,200.72045236558483,550.5124940300857
sarimax,"['CC_UK_Lag_12_RollingMean3', '#12_Lag_3', '#14_Lag_1', '#12_Lag_1_RollingMean6', '#9_Lag_12', '#1_Lag_1_RollingMean3', 'stock_volume_Lag_12', 'GER Production Index_Lag_12', '#36_Lag_12', '#8_Lag_3', '#16_Lag_1_RollingMean3', 'GER EE Production Index_Lag_12_RollingMean3', '#13_Lag_1']","(1, 1, 1, 6)",12950.873964480994,49982.69607503599,166.04343030688904,435.18490166924596
sarimax,"['CC_UK_Lag_12_RollingMean3', '#12_Lag_3', '#14_Lag_1', '#12_Lag_1_RollingMean6', '#9_Lag_12', '#1_Lag_1_RollingMean3', 'stock_volume_Lag_12', 'GER Production Index_Lag_12', '#36_Lag_12', '#8_Lag_3', '#16_Lag_1_RollingMean3', 'GER EE Production Index_Lag_12_RollingMean3', '#13_Lag_1']","(1, 1, 1, 8)",22548.508602728623,115303.51735973611,154.78723221031242,2175.31351847068
sarimax,"['CC_UK_Lag_12_RollingMean3', '#12_Lag_3', '#14_Lag_1', '#12_Lag_1_RollingMean6', '#9_Lag_12', '#1_Lag_1_RollingMean3', 'stock_volume_Lag_12', 'GER Production Index_Lag_12', '#36_Lag_12', '#8_Lag_3', '#16_Lag_1_RollingMean3', 'GER EE Production Index_Lag_12_RollingMean3', '#13_Lag_1']","(1, 1, 1, 10)",18807.589564594495,71607.27109373554,290.1663506164593,989.4344302213943
sarimax,"['CC_UK_Lag_12_RollingMean3', '#12_Lag_3', '#14_Lag_1', '#12_Lag_1_RollingMean6', '#9_Lag_12', '#1_Lag_1_RollingMean3', 'stock_volume_Lag_12', 'GER Production Index_Lag_12', '#36_Lag_12', '#8_Lag_3', '#16_Lag_1_RollingMean3', 'GER EE Production Index_Lag_12_RollingMean3', '#13_Lag_1']","(1, 2, 1, 12)",22387.31889181163,48204.43564897187,267.90922877416074,915.2108432864994
sarimax,"['CC_UK_Lag_12_RollingMean3', '#12_Lag_3', '#14_Lag_1', '#12_Lag_1_RollingMean6', '#9_Lag_12', '#1_Lag_1_RollingMean3', 'stock_volume_Lag_12', 'GER Production Index_Lag_12', '#36_Lag_12', '#8_Lag_3', '#16_Lag_1_RollingMean3', 'GER EE Production Index_Lag_12_RollingMean3', '#13_Lag_1']","(1, 1, 2, 12)",14947.365564124599,84916.39126384069,232.82242658850097,999.9509497575903
sarimax,"['CC_UK_Lag_12_RollingMean3', '#12_Lag_3', '#14_Lag_1', '#12_Lag_1_RollingMean6', '#9_Lag_12', '#1_Lag_1_RollingMean3', 'stock_volume_Lag_12', 'GER Production Index_Lag_12', '#36_Lag_12', '#8_Lag_3', '#16_Lag_1_RollingMean3', 'GER EE Production Index_Lag_12_RollingMean3', '#13_Lag_1']","(1, 1, 3, 12)",14959.035565923561,85010.3880283425,232.72128430661203,1011.5463257170203
sarimax,"['CC_UK_Lag_12_RollingMean3', '#12_Lag_3', '#14_Lag_1', '#12_Lag_1_RollingMean6', '#9_Lag_12', '#1_Lag_1_RollingMean3', 'stock_volume_Lag_12', 'GER Production Index_Lag_12', '#36_Lag_12', '#8_Lag_3', '#16_Lag_1_RollingMean3', 'GER EE Production Index_Lag_12_RollingMean3', '#13_Lag_1']","(4, 1, 1, 12)",14906.072223726116,85176.0174056202,231.45497376788907,1028.662961897277
sarimax,"['CC_UK_Lag_12_RollingMean3', '#12_Lag_3', '#14_Lag_1', '#12_Lag_1_RollingMean6', '#9_Lag_12', '#1_Lag_1_RollingMean3', 'stock_volume_Lag_12', 'GER Production Index_Lag_12', '#36_Lag_12', '#8_Lag_3', '#16_Lag_1_RollingMean3', 'GER EE Production Index_Lag_12_RollingMean3', '#13_Lag_1']","(2, 1, 2, 12)",14906.262587102648,85175.6894889173,231.45946959758766,1028.6425819476474
arima,N/A,"(1, 1, 1)",10293.810287879054,13871.60393067704,115.45333030489627,237.78110870883617
sarimax,"['Year', 'sin_Semester', 'cos_Semester', 'sin_Quarter', 'cos_Quarter', 'sin_month', 'cos_month', 'WeekendDaysCount', 'TotalDaysInMonth', 'WeekendDaysPercentage', 'SundayCount', 'GerHolidayCount', 'CHI Production Index_Lag_12', 'CHI Shipments Index_Lag_12', 'FRA Production Index_Lag_12', 'FRA Shipments Index_Lag_12', 'GER Production Index_Lag_12', 'GER Shipments Index_Lag_12', 'ITA Production Index_Lag_12', 'ITA Shipments Index_Lag_12', 'JAP Production Index_Lag_12', 'JAP Shipments Index_Lag_12', 'SWI Production Index_Lag_12', 'SWI Shipments Index_Lag_12', 'UK Production Index_Lag_12', 'UK Shipments Index_Lag_12', 'USA Production Index_Lag_12', 'USA Shipments Index_Lag_12', 'Europe Production Index_Lag_12', 'Europe Shipments Index_Lag_12', '(W) Price of Base Metals_Lag_12', '(W) Price of Energy_Lag_12', '(W) Price of Metals & Minerals_Lag_12', '(W) Price of Natural gas index_Lag_12', '(W) Price of Crude oil, average_Lag_12', '(W) Price of Copper_Lag_12', 'USA EUR to LCU Conversion Rate _Lag_12', 'USA EE Producer Prices_Lag_12', 'UK EE Producer Prices_Lag_12', 'ITA EE Producer Prices_Lag_12', 'FRA EE Producer Prices_Lag_12', 'GER EE Producer Prices_Lag_12', 'CHI EE Producer Prices_Lag_12', 'USA Machinery & Equipment Index_Lag_12', '(W) Machinery & Equipment Index_Lag_12', 'SWI Machinery & Equipment Index_Lag_12', 'UK Machinery & Equipment Index_Lag_12', 'ITA Machinery & Equipment Index_Lag_12', 'JAP Machinery & Equipment Index_Lag_12', 'FRA Machinery & Equipment Index_Lag_12', 'GER Machinery & Equipment Index_Lag_12', 'USA EE Production Index_Lag_12', '(W) EE Production Index_Lag_12', 'SWI EE Production Index_Lag_12', 'UK EE Production Index_Lag_12', 'ITA EE Production Index_Lag_12', 'JAP EE Production Index_Lag_12', 'FRA EE Production Index_Lag_12', 'GER EE Production Index_Lag_12', 'stock_price_Lag_12', 'stock_price_change_Lag_12', 'stock_volume_Lag_12', 'Covid_Chi_Lag_12', 'Covid_Fra_Lag_12', 'Covid_Ger_Lag_12', 'Covid_Ita_Lag_12', 'Covid_Swi_Lag_12', 'Covid_UK_Lag_12', 'Covid_US_Lag_12', 'Clean_Chi_Lag_12', 'Clean_Fra_Lag_12', 'Clean_Ger_Lag_12', 'Clean_Ita_Lag_12', 'Clean_Swi_Lag_12', 'Clean_UK_Lag_12', 'Clean_US_Lag_12', 'Fossil_Chi_Lag_12', 'Fossil_Fra_Lag_12', 'Fossil_Ger_Lag_12', 'Fossil_Ita_Lag_12', 'Fossil_Swi_Lag_12', 'Fossil_UK_Lag_12', 'Fossil_US_Lag_12', 'CC_CHI_Lag_12', 'CC_FRA_Lag_12', 'CC_GER_Lag_12', 'CC_ITA_Lag_12', 'CC_JAP_Lag_12', 'CC_Europe_Lag_12', 'CC_SWI_Lag_12', 'CC_UK_Lag_12', 'CC_USA_Lag_12', 'BC_CHI_Lag_12', 'BC_FRA_Lag_12', 'BC_GER_Lag_12', 'BC_ITA_Lag_12', 'BC_JAP_Lag_12', 'BC_Europe_Lag_12', 'BC_SWI_Lag_12', 'BC_UK_Lag_12', 'BC_USA_Lag_12', 'Buildings_Ger_Lag_12', '#1_Lag_1', '#3_Lag_1', '#4_Lag_1', '#4_Lag_6', '#5_Lag_1', '#6_Lag_1', '#8_Lag_1', '#8_Lag_3', '#9_Lag_1', '#9_Lag_12', '#11_Lag_1', '#12_Lag_1', '#12_Lag_3', '#12_Lag_12', '#13_Lag_1', '#13_Lag_3', '#14_Lag_1', '#14_Lag_6', '#16_Lag_1', '#16_Lag_3', '#20_Lag_1', '#36_Lag_1', '#36_Lag_12', 'CHI Production Index_Lag_12_RollingMean3', 'CHI Production Index_Lag_12_RollingMean6', 'CHI Production Index_Lag_12_RollingMean12', 'CHI Shipments Index_Lag_12_RollingMean3', 'CHI Shipments Index_Lag_12_RollingMean6', 'CHI Shipments Index_Lag_12_RollingMean12', 'FRA Production Index_Lag_12_RollingMean3', 'FRA Production Index_Lag_12_RollingMean6', 'FRA Production Index_Lag_12_RollingMean12', 'FRA Shipments Index_Lag_12_RollingMean3', 'FRA Shipments Index_Lag_12_RollingMean6', 'FRA Shipments Index_Lag_12_RollingMean12', 'GER Production Index_Lag_12_RollingMean3', 'GER Production Index_Lag_12_RollingMean6', 'GER Production Index_Lag_12_RollingMean12', 'GER Shipments Index_Lag_12_RollingMean3', 'GER Shipments Index_Lag_12_RollingMean6', 'GER Shipments Index_Lag_12_RollingMean12', 'ITA Production Index_Lag_12_RollingMean3', 'ITA Production Index_Lag_12_RollingMean6', 'ITA Production Index_Lag_12_RollingMean12', 'ITA Shipments Index_Lag_12_RollingMean3', 'ITA Shipments Index_Lag_12_RollingMean6', 'ITA Shipments Index_Lag_12_RollingMean12', 'JAP Production Index_Lag_12_RollingMean3', 'JAP Production Index_Lag_12_RollingMean6', 'JAP Production Index_Lag_12_RollingMean12', 'JAP Shipments Index_Lag_12_RollingMean3', 'JAP Shipments Index_Lag_12_RollingMean6', 'JAP Shipments Index_Lag_12_RollingMean12', 'SWI Production Index_Lag_12_RollingMean3', 'SWI Production Index_Lag_12_RollingMean6', 'SWI Production Index_Lag_12_RollingMean12', 'SWI Shipments Index_Lag_12_RollingMean3', 'SWI Shipments Index_Lag_12_RollingMean6', 'SWI Shipments Index_Lag_12_RollingMean12', 'UK Production Index_Lag_12_RollingMean3', 'UK Production Index_Lag_12_RollingMean6', 'UK Production Index_Lag_12_RollingMean12', 'UK Shipments Index_Lag_12_RollingMean3', 'UK Shipments Index_Lag_12_RollingMean6', 'UK Shipments Index_Lag_12_RollingMean12', 'USA Production Index_Lag_12_RollingMean3', 'USA Production Index_Lag_12_RollingMean6', 'USA Production Index_Lag_12_RollingMean12', 'USA Shipments Index_Lag_12_RollingMean3', 'USA Shipments Index_Lag_12_RollingMean6', 'USA Shipments Index_Lag_12_RollingMean12', 'Europe Production Index_Lag_12_RollingMean3', 'Europe Production Index_Lag_12_RollingMean6', 'Europe Production Index_Lag_12_RollingMean12', 'Europe Shipments Index_Lag_12_RollingMean3', 'Europe Shipments Index_Lag_12_RollingMean6', 'Europe Shipments Index_Lag_12_RollingMean12', '(W) Price of Base Metals_Lag_12_RollingMean3', '(W) Price of Base Metals_Lag_12_RollingMean6', '(W) Price of Base Metals_Lag_12_RollingMean12', '(W) Price of Energy_Lag_12_RollingMean3', '(W) Price of Energy_Lag_12_RollingMean6', '(W) Price of Energy_Lag_12_RollingMean12', '(W) Price of Metals & Minerals_Lag_12_RollingMean3', '(W) Price of Metals & Minerals_Lag_12_RollingMean6', '(W) Price of Metals & Minerals_Lag_12_RollingMean12', '(W) Price of Natural gas index_Lag_12_RollingMean3', '(W) Price of Natural gas index_Lag_12_RollingMean6', '(W) Price of Natural gas index_Lag_12_RollingMean12', '(W) Price of Crude oil, average_Lag_12_RollingMean3', '(W) Price of Crude oil, average_Lag_12_RollingMean6', '(W) Price of Crude oil, average_Lag_12_RollingMean12', '(W) Price of Copper_Lag_12_RollingMean3', '(W) Price of Copper_Lag_12_RollingMean6', '(W) Price of Copper_Lag_12_RollingMean12', 'USA EUR to LCU Conversion Rate _Lag_12_RollingMean3', 'USA EUR to LCU Conversion Rate _Lag_12_RollingMean6', 'USA EUR to LCU Conversion Rate _Lag_12_RollingMean12', 'USA EE Producer Prices_Lag_12_RollingMean3', 'USA EE Producer Prices_Lag_12_RollingMean6', 'USA EE Producer Prices_Lag_12_RollingMean12', 'UK EE Producer Prices_Lag_12_RollingMean3', 'UK EE Producer Prices_Lag_12_RollingMean6', 'UK EE Producer Prices_Lag_12_RollingMean12', 'ITA EE Producer Prices_Lag_12_RollingMean3', 'ITA EE Producer Prices_Lag_12_RollingMean6', 'ITA EE Producer Prices_Lag_12_RollingMean12', 'FRA EE Producer Prices_Lag_12_RollingMean3', 'FRA EE Producer Prices_Lag_12_RollingMean6', 'FRA EE Producer Prices_Lag_12_RollingMean12', 'GER EE Producer Prices_Lag_12_RollingMean3', 'GER EE Producer Prices_Lag_12_RollingMean6', 'GER EE Producer Prices_Lag_12_RollingMean12', 'CHI EE Producer Prices_Lag_12_RollingMean3', 'CHI EE Producer Prices_Lag_12_RollingMean6', 'CHI EE Producer Prices_Lag_12_RollingMean12', 'USA Machinery & Equipment Index_Lag_12_RollingMean3', 'USA Machinery & Equipment Index_Lag_12_RollingMean6', 'USA Machinery & Equipment Index_Lag_12_RollingMean12', '(W) Machinery & Equipment Index_Lag_12_RollingMean3', '(W) Machinery & Equipment Index_Lag_12_RollingMean6', '(W) Machinery & Equipment Index_Lag_12_RollingMean12', 'SWI Machinery & Equipment Index_Lag_12_RollingMean3', 'SWI Machinery & Equipment Index_Lag_12_RollingMean6', 'SWI Machinery & Equipment Index_Lag_12_RollingMean12', 'UK Machinery & Equipment Index_Lag_12_RollingMean3', 'UK Machinery & Equipment Index_Lag_12_RollingMean6', 'UK Machinery & Equipment Index_Lag_12_RollingMean12', 'ITA Machinery & Equipment Index_Lag_12_RollingMean3', 'ITA Machinery & Equipment Index_Lag_12_RollingMean6', 'ITA Machinery & Equipment Index_Lag_12_RollingMean12', 'JAP Machinery & Equipment Index_Lag_12_RollingMean3', 'JAP Machinery & Equipment Index_Lag_12_RollingMean6', 'JAP Machinery & Equipment Index_Lag_12_RollingMean12', 'FRA Machinery & Equipment Index_Lag_12_RollingMean3', 'FRA Machinery & Equipment Index_Lag_12_RollingMean6', 'FRA Machinery & Equipment Index_Lag_12_RollingMean12', 'GER Machinery & Equipment Index_Lag_12_RollingMean3', 'GER Machinery & Equipment Index_Lag_12_RollingMean6', 'GER Machinery & Equipment Index_Lag_12_RollingMean12', 'USA EE Production Index_Lag_12_RollingMean3', 'USA EE Production Index_Lag_12_RollingMean6', 'USA EE Production Index_Lag_12_RollingMean12', '(W) EE Production Index_Lag_12_RollingMean3', '(W) EE Production Index_Lag_12_RollingMean6', '(W) EE Production Index_Lag_12_RollingMean12', 'SWI EE Production Index_Lag_12_RollingMean3', 'SWI EE Production Index_Lag_12_RollingMean6', 'SWI EE Production Index_Lag_12_RollingMean12', 'UK EE Production Index_Lag_12_RollingMean3', 'UK EE Production Index_Lag_12_RollingMean6', 'UK EE Production Index_Lag_12_RollingMean12', 'ITA EE Production Index_Lag_12_RollingMean3', 'ITA EE Production Index_Lag_12_RollingMean6', 'ITA EE Production Index_Lag_12_RollingMean12', 'JAP EE Production Index_Lag_12_RollingMean3', 'JAP EE Production Index_Lag_12_RollingMean6', 'JAP EE Production Index_Lag_12_RollingMean12', 'FRA EE Production Index_Lag_12_RollingMean3', 'FRA EE Production Index_Lag_12_RollingMean6', 'FRA EE Production Index_Lag_12_RollingMean12', 'GER EE Production Index_Lag_12_RollingMean3', 'GER EE Production Index_Lag_12_RollingMean6', 'GER EE Production Index_Lag_12_RollingMean12', 'stock_price_Lag_12_RollingMean3', 'stock_price_Lag_12_RollingMean6', 'stock_price_Lag_12_RollingMean12', 'stock_price_change_Lag_12_RollingMean3', 'stock_price_change_Lag_12_RollingMean6', 'stock_price_change_Lag_12_RollingMean12', 'stock_volume_Lag_12_RollingMean3', 'stock_volume_Lag_12_RollingMean6', 'stock_volume_Lag_12_RollingMean12', 'Covid_Chi_Lag_12_RollingMean3', 'Covid_Chi_Lag_12_RollingMean6', 'Covid_Chi_Lag_12_RollingMean12', 'Covid_Fra_Lag_12_RollingMean3', 'Covid_Fra_Lag_12_RollingMean6', 'Covid_Fra_Lag_12_RollingMean12', 'Covid_Ger_Lag_12_RollingMean3', 'Covid_Ger_Lag_12_RollingMean6', 'Covid_Ger_Lag_12_RollingMean12', 'Covid_Ita_Lag_12_RollingMean3', 'Covid_Ita_Lag_12_RollingMean6', 'Covid_Ita_Lag_12_RollingMean12', 'Covid_Swi_Lag_12_RollingMean3', 'Covid_Swi_Lag_12_RollingMean6', 'Covid_Swi_Lag_12_RollingMean12', 'Covid_UK_Lag_12_RollingMean3', 'Covid_UK_Lag_12_RollingMean6', 'Covid_UK_Lag_12_RollingMean12', 'Covid_US_Lag_12_RollingMean3', 'Covid_US_Lag_12_RollingMean6', 'Covid_US_Lag_12_RollingMean12', 'Clean_Chi_Lag_12_RollingMean3', 'Clean_Chi_Lag_12_RollingMean6', 'Clean_Chi_Lag_12_RollingMean12', 'Clean_Fra_Lag_12_RollingMean3', 'Clean_Fra_Lag_12_RollingMean6', 'Clean_Fra_Lag_12_RollingMean12', 'Clean_Ger_Lag_12_RollingMean3', 'Clean_Ger_Lag_12_RollingMean6', 'Clean_Ger_Lag_12_RollingMean12', 'Clean_Ita_Lag_12_RollingMean3', 'Clean_Ita_Lag_12_RollingMean6', 'Clean_Ita_Lag_12_RollingMean12', 'Clean_Swi_Lag_12_RollingMean3', 'Clean_Swi_Lag_12_RollingMean6', 'Clean_Swi_Lag_12_RollingMean12', 'Clean_UK_Lag_12_RollingMean3', 'Clean_UK_Lag_12_RollingMean6', 'Clean_UK_Lag_12_RollingMean12', 'Clean_US_Lag_12_RollingMean3', 'Clean_US_Lag_12_RollingMean6', 'Clean_US_Lag_12_RollingMean12', 'Fossil_Chi_Lag_12_RollingMean3', 'Fossil_Chi_Lag_12_RollingMean6', 'Fossil_Chi_Lag_12_RollingMean12', 'Fossil_Fra_Lag_12_RollingMean3', 'Fossil_Fra_Lag_12_RollingMean6', 'Fossil_Fra_Lag_12_RollingMean12', 'Fossil_Ger_Lag_12_RollingMean3', 'Fossil_Ger_Lag_12_RollingMean6', 'Fossil_Ger_Lag_12_RollingMean12', 'Fossil_Ita_Lag_12_RollingMean3', 'Fossil_Ita_Lag_12_RollingMean6', 'Fossil_Ita_Lag_12_RollingMean12', 'Fossil_Swi_Lag_12_RollingMean3', 'Fossil_Swi_Lag_12_RollingMean6', 'Fossil_Swi_Lag_12_RollingMean12', 'Fossil_UK_Lag_12_RollingMean3', 'Fossil_UK_Lag_12_RollingMean6', 'Fossil_UK_Lag_12_RollingMean12', 'Fossil_US_Lag_12_RollingMean3', 'Fossil_US_Lag_12_RollingMean6', 'Fossil_US_Lag_12_RollingMean12', 'CC_CHI_Lag_12_RollingMean3', 'CC_CHI_Lag_12_RollingMean6', 'CC_CHI_Lag_12_RollingMean12', 'CC_FRA_Lag_12_RollingMean3', 'CC_FRA_Lag_12_RollingMean6', 'CC_FRA_Lag_12_RollingMean12', 'CC_GER_Lag_12_RollingMean3', 'CC_GER_Lag_12_RollingMean6', 'CC_GER_Lag_12_RollingMean12', 'CC_ITA_Lag_12_RollingMean3', 'CC_ITA_Lag_12_RollingMean6', 'CC_ITA_Lag_12_RollingMean12', 'CC_JAP_Lag_12_RollingMean3', 'CC_JAP_Lag_12_RollingMean6', 'CC_JAP_Lag_12_RollingMean12', 'CC_Europe_Lag_12_RollingMean3', 'CC_Europe_Lag_12_RollingMean6', 'CC_Europe_Lag_12_RollingMean12', 'CC_SWI_Lag_12_RollingMean3', 'CC_SWI_Lag_12_RollingMean6', 'CC_SWI_Lag_12_RollingMean12', 'CC_UK_Lag_12_RollingMean3', 'CC_UK_Lag_12_RollingMean6', 'CC_UK_Lag_12_RollingMean12', 'CC_USA_Lag_12_RollingMean3', 'CC_USA_Lag_12_RollingMean6', 'CC_USA_Lag_12_RollingMean12', 'BC_CHI_Lag_12_RollingMean3', 'BC_CHI_Lag_12_RollingMean6', 'BC_CHI_Lag_12_RollingMean12', 'BC_FRA_Lag_12_RollingMean3', 'BC_FRA_Lag_12_RollingMean6', 'BC_FRA_Lag_12_RollingMean12', 'BC_GER_Lag_12_RollingMean3', 'BC_GER_Lag_12_RollingMean6', 'BC_GER_Lag_12_RollingMean12', 'BC_ITA_Lag_12_RollingMean3', 'BC_ITA_Lag_12_RollingMean6', 'BC_ITA_Lag_12_RollingMean12', 'BC_JAP_Lag_12_RollingMean3', 'BC_JAP_Lag_12_RollingMean6', 'BC_JAP_Lag_12_RollingMean12', 'BC_Europe_Lag_12_RollingMean3', 'BC_Europe_Lag_12_RollingMean6', 'BC_Europe_Lag_12_RollingMean12', 'BC_SWI_Lag_12_RollingMean3', 'BC_SWI_Lag_12_RollingMean6', 'BC_SWI_Lag_12_RollingMean12', 'BC_UK_Lag_12_RollingMean3', 'BC_UK_Lag_12_RollingMean6', 'BC_UK_Lag_12_RollingMean12', 'BC_USA_Lag_12_RollingMean3', 'BC_USA_Lag_12_RollingMean6', 'BC_USA_Lag_12_RollingMean12', 'Buildings_Ger_Lag_12_RollingMean3', 'Buildings_Ger_Lag_12_RollingMean6', 'Buildings_Ger_Lag_12_RollingMean12', '#1_Lag_1_RollingMean3', '#1_Lag_1_RollingMean6', '#1_Lag_1_RollingMean12', '#3_Lag_1_RollingMean3', '#3_Lag_1_RollingMean6', '#3_Lag_1_RollingMean12', '#4_Lag_1_RollingMean3', '#4_Lag_1_RollingMean6', '#4_Lag_1_RollingMean12', '#4_Lag_6_RollingMean3', '#4_Lag_6_RollingMean6', '#4_Lag_6_RollingMean12', '#5_Lag_1_RollingMean3', '#5_Lag_1_RollingMean6', '#5_Lag_1_RollingMean12', '#6_Lag_1_RollingMean3', '#6_Lag_1_RollingMean6', '#6_Lag_1_RollingMean12', '#8_Lag_1_RollingMean3', '#8_Lag_1_RollingMean6', '#8_Lag_1_RollingMean12', '#8_Lag_3_RollingMean3', '#8_Lag_3_RollingMean6', '#8_Lag_3_RollingMean12', '#9_Lag_1_RollingMean3', '#9_Lag_1_RollingMean6', '#9_Lag_1_RollingMean12', '#9_Lag_12_RollingMean3', '#9_Lag_12_RollingMean6', '#9_Lag_12_RollingMean12', '#11_Lag_1_RollingMean3', '#11_Lag_1_RollingMean6', '#11_Lag_1_RollingMean12', '#12_Lag_1_RollingMean3', '#12_Lag_1_RollingMean6', '#12_Lag_1_RollingMean12', '#12_Lag_3_RollingMean3', '#12_Lag_3_RollingMean6', '#12_Lag_3_RollingMean12', '#12_Lag_12_RollingMean3', '#12_Lag_12_RollingMean6', '#12_Lag_12_RollingMean12', '#13_Lag_1_RollingMean3', '#13_Lag_1_RollingMean6', '#13_Lag_1_RollingMean12', '#13_Lag_3_RollingMean3', '#13_Lag_3_RollingMean6', '#13_Lag_3_RollingMean12', '#14_Lag_1_RollingMean3', '#14_Lag_1_RollingMean6', '#14_Lag_1_RollingMean12', '#14_Lag_6_RollingMean3', '#14_Lag_6_RollingMean6', '#14_Lag_6_RollingMean12', '#16_Lag_1_RollingMean3', '#16_Lag_1_RollingMean6', '#16_Lag_1_RollingMean12', '#16_Lag_3_RollingMean3', '#16_Lag_3_RollingMean6', '#16_Lag_3_RollingMean12', '#20_Lag_1_RollingMean3', '#20_Lag_1_RollingMean6', '#20_Lag_1_RollingMean12', '#36_Lag_1_RollingMean3', '#36_Lag_1_RollingMean6', '#36_Lag_1_RollingMean12', '#36_Lag_12_RollingMean3', '#36_Lag_12_RollingMean6', '#36_Lag_12_RollingMean12']","(1, 1, 1, 12)",11723.778867231425,80778.87365390237,172.23666431167982,1545.6203673480898
sarimax,"['CC_UK_Lag_12_RollingMean3', '#12_Lag_3', '#14_Lag_1', '#12_Lag_1_RollingMean6', '#9_Lag_12', '#1_Lag_1_RollingMean3', 'stock_volume_Lag_12', 'GER Production Index_Lag_12', '#36_Lag_12', '#8_Lag_3', '#16_Lag_1_RollingMean3', 'GER EE Production Index_Lag_12_RollingMean3', '#13_Lag_1']","(1, 1, 1, 12)",13203.682253424016,82956.00528500965,197.78887653455263,639.7743237366678
sarimax,"['#9_Lag_12', '#8_Lag_3', '#1_Lag_1_RollingMean3', 'CC_UK_Lag_12_RollingMean3', '#12_Lag_1_RollingMean6', 'GER EE Production Index_Lag_12_RollingMean3', 'GER Production Index_Lag_12', 'FRA Production Index_Lag_12', '#36_Lag_12', '#14_Lag_1']","(1, 1, 1, 12)",12098.76546647887,84286.94301038203,166.9260790427478,1018.8662852947747
prophet,N/A,,,14393.704246684081,,221.09640620480957
prophet,N/A,,,14393.704246684081,,221.09640620480957
RandomForestRegressor,"['#9_Lag_12', '#8_Lag_3', '#1_Lag_1_RollingMean3', 'CC_UK_Lag_12_RollingMean3', '#12_Lag_1_RollingMean6', 'GER EE Production Index_Lag_12_RollingMean3', 'GER Production Index_Lag_12', 'FRA Production Index_Lag_12', '#36_Lag_12', '#14_Lag_1']",{},4103.7681829562225,15619.155550112468,49.85314448587929,441.54888465529945
RandomForestRegressor,"['#9_Lag_12', '#8_Lag_3', '#1_Lag_1_RollingMean3', 'CC_UK_Lag_12_RollingMean3', '#12_Lag_1_RollingMean6', 'GER EE Production Index_Lag_12_RollingMean3', 'GER Production Index_Lag_12', 'FRA Production Index_Lag_12', '#36_Lag_12', '#14_Lag_1']",{'max_depth': 5},4122.4340071633915,15442.560002640119,49.286952265822364,467.4096497213567
RandomForestRegressor,"['#8_Lag_3', 'Year', '#9_Lag_12', 'CC_UK_Lag_12_RollingMean3', '#14_Lag_1']",{'max_depth': 5},4137.011638053027,15470.233190373354,42.00726224454154,501.5709293491723
LGBMRegressor,"['#8_Lag_3', 'Year', '#9_Lag_12', 'CC_UK_Lag_12_RollingMean3', '#14_Lag_1']",{},9539.692356855043,13758.22666687907,116.1684643260517,246.2273613628021
LGBMRegressor,"['#8_Lag_3', 'Year', '#9_Lag_12', 'CC_UK_Lag_12_RollingMean3', '#14_Lag_1']",{},9539.692356855043,13758.22666687907,116.1684643260517,246.2273613628021
